;;;;
;;;;
;;;;
;;;;
Náhradní díly;Pícniny;Sečení;;
Náhradní díly;Pícniny;Obracení, shrnování;;
Náhradní díly;Pícniny;Sbírání;;
Náhradní díly;Pícniny;Lisy a ovíječky;;
Náhradní díly;Pícniny;Řezačky;;
Náhradní díly;Pícniny;Pružiny;;
Náhradní díly;Mototechna, příslušenství;Elektrodíly;;
Náhradní díly;Mototechna, příslušenství;Hadice metráž;;
Náhradní díly;Mototechna, příslušenství;Spony hadicové;;
Náhradní díly;Mototechna, příslušenství;Válečkové řetězy;;
Náhradní díly;Mototechna, příslušenství;Článkové řetězy;;
Náhradní díly;Mototechna, příslušenství;Zpětná zrcátka a příslušenství;;
Náhradní díly;Mototechna, příslušenství;Stírátka a přislušenství;;
Náhradní díly;Mototechna, příslušenství;Vzduchotechnika;;
Náhradní díly;Mototechna, příslušenství;Autopříslušenství;;
Náhradní díly;Mototechna, příslušenství;Pryžové díly – vozy Škoda;;
Náhradní díly;Traktory;Zetor;;
Náhradní díly;Traktory;John Deere;;
Náhradní díly;Traktory;New Holland;;
Náhradní díly;Traktory;Tažné zařízení - závěsy;;
Náhradní díly;Traktory;Díly tříbodového závěsu;;
Náhradní díly;Traktory;Sedačky;;
Náhradní díly;Traktory;Závaží;;
Náhradní díly;Filtry;výrobce;;
Náhradní díly;Hydraulika;Válce;;
Náhradní díly;Hydraulika;Hadice s koncovkami;;
Náhradní díly;Hydraulika;Šroubení;;
Náhradní díly;Hydraulika;Rychlospojky;;
Náhradní díly;Hydraulika;Kulové kohouty;;
Náhradní díly;Kardany;výrobce;;
Náhradní díly;Les;Potřeby pro les;;
Náhradní díly;Les;Pily;;
Náhradní díly;Les;Navijáky;;
Náhradní díly;Les;Hupcuk;;
Náhradní díly;Půda;Orba;;
Náhradní díly;Půda;Podmítka;;
Náhradní díly;Půda;Příprava půdy + setí;;
Náhradní díly;Sklizňová technika;výrobce;;
Náhradní díly;Náhradní kola a kolečka;Kolečka náhradní;;
Náhradní díly;Náhradní kola a kolečka;Pneumatiky pro zahradní vozíky;;
Náhradní díly;Náhradní kola a kolečka;Duše pro průmyslové vozíky;;
Náhradní díly;Obalový materiál;Fólie;;
Náhradní díly;Obalový materiál;Síťovina;;
Náhradní díly;Obalový materiál;Silážní plachty;;
Náhradní díly;Obalový materiál;Provázky;;
Náhradní díly;Obalový materiál;Rašlové pytle;;
Náhradní díly;Obalový materiál;Pytle na obilí a písek;;
Náhradní díly;Obalový materiál;Vaky;;
Náhradní díly;Obalový materiál;Ochranné stínící sítě;;
Náhradní díly;Řemenice - řetězová kola;Klínové řemenice;;
Náhradní díly;Řemenice - řetězová kola;Řetězová kola s nábojem;;
Náhradní díly;Řemenice - řetězová kola;Řetězová kola bez náboje disky;;
Náhradní díly;Mulčovače, Příkopová ramena;výrobce;;
Náhradní díly;Hnojení a ochrana rostlin;Postřikovače, rosiče;;
Náhradní díly;Hnojení a ochrana rostlin;Rozmetadla průmyslových hnojiv;;
Náhradní díly;Hnojení a ochrana rostlin;Rozmetadla statkových hnojiv;;
Náhradní díly;Hnojení a ochrana rostlin;Fekální vozy;;
Náhradní díly;Živočišná výroba;Krmné vozy;;
Náhradní díly;Živočišná výroba;Stájová mechanizace;;
Náhradní díly;Živočišná výroba;Dojení;;
Náhradní díly;Živočišná výroba;Napaječky;;
Náhradní díly;Ložiska a klínové řemeny;Ložiska valivá;;
Náhradní díly;Ložiska a klínové řemeny;Pojistné kroužky (segrovky);;
Náhradní díly;Ložiska a klínové řemeny;Klínové řemeny;;
Náhradní díly;Maziva a náplně;Motorový;;
Náhradní díly;Maziva a náplně;Převodový;;
Náhradní díly;Maziva a náplně;Hydraulický;;
Náhradní díly;Maziva a náplně;Ostatní;;
Náhradní díly;Maziva a náplně;Mazací tuky;;
Náhradní díly;Maziva a náplně;Maziva pro potravinářský průmysl;;
Náhradní díly;Maziva a náplně;Provozní kapaliny;;
Náhradní díly;Dílenská chemie;Loctite, Teroson;;
Náhradní díly;Dílenská chemie;Autokosmetika – péče;;
Náhradní díly;Dílenská chemie;Lepidla;;
Náhradní díly;Dílenská chemie;Tmely - montážní pěny;;
Náhradní díly;Dílenská chemie;Přísady do olejů, chladičů a paliv;;
Náhradní díly;Dílenská chemie;Údržba a servis strojů;;
Náhradní díly;Dílenská chemie;Chemie pro elektroniku a pájení;;
Náhradní díly;Dílenská chemie;Cín;;
Náhradní díly;Těsnící prvky;Gufera;;
Náhradní díly;Těsnící prvky;Manžety;;
Náhradní díly;Těsnící prvky;O-kroužky;;
Náhradní díly;Těsnící prvky;Těsnění průmyslová;;
Náhradní díly;Spojovací materiál;Šrouby;;
Náhradní díly;Spojovací materiál;Matice, podložky;;
Náhradní díly;Spojovací materiál;Závitové tyče;;
Náhradní díly;Spojovací materiál;Elektrody obalené;;
Náhradní díly;Spojovací materiál;Dráty MIG, MAG;;
Náhradní díly;Spojovací materiál;Nýty;;
Náhradní díly;Spojovací materiál;Hřebíky;;
Náhradní díly;Spojovací materiál;Závlačky;;
Náhradní díly;Spojovací materiál;Pružné kolíky;;
Náhradní díly;Spojovací materiál;Klínky, klínková ocel;;
Náhradní díly;Spojovací materiál;Faudiklouby;;
Náhradní díly;Spojovací materiál;Lana a svorky;;
Náhradní díly;Spojovací materiál;Bowdeny metráž;;
Náhradní díly;Spojovací materiál;Pružiny;;
Náhradní díly;Zemědělské pneu;výrobce;;
Náhradní díly;Manipulace a doprava;Hroty;;
Náhradní díly;Manipulace a doprava;Břity;;
Náhradní díly;Manipulace a doprava;Vleky, návěsy;;
Náhradní díly;Manipulace a doprava;Nakladače;;
Náhradní díly;Manipulace a doprava;Manipulátory;;
Náhradní díly;Manipulace a doprava;Přepravníky balíků;;
Náhradní díly;Manipulace a doprava;Vázací prostředky;;
Náhradní díly;Malá mechanizace;Malotraktory;;
Náhradní díly;Malá mechanizace;Sekačky;;
Náhradní díly;Malá mechanizace;Mulčovače;;
Náhradní díly;Malá mechanizace;Vyžínače a křovinořezy;;
Náhradní díly;Malá mechanizace;Motory;;
Náhradní díly;Malá mechanizace;VARI systém;;
Náhradní díly;Malá mechanizace;Provzdušňovače;;
Náhradní díly;Malá mechanizace;Ručně nesené stroje;;
Náhradní díly;Malá mechanizace;Drtiče větví;;
Náhradní díly;Malá mechanizace;Elektrocentrály;;
Náhradní díly;Malá mechanizace;Motorová čerpadla;;
Náhradní díly;Malá mechanizace;Nafukovací čluny;;
Náhradní díly;Malá mechanizace;Sněhové frézy;;
Náhradní díly;Malá mechanizace;Travní traktory;;
Chovatelské potřeby;Nákladní přívěsy jednonápravové;;;
Chovatelské potřeby;Násady;;;
Chovatelské potřeby;Vidle, lopaty, kopáče, půdní vrtáky;;;
Chovatelské potřeby;Misky - napáječky, vědra, konve;;;
Chovatelské potřeby;Elektrické ohradníky;;;
Chovatelské potřeby;Provazy, lana, vazáky na skot;;;
Chovatelské potřeby;Šrotovníky na obilné zrno;;;
Chovatelské potřeby;Žebříky;;;
Chovatelské potřeby;Ohradníky elektrické;Zdroje;;
Chovatelské potřeby;Ohradníky elektrické;Sloupky a tyčky;;
Chovatelské potřeby;Ohradníky elektrické;Izolátory;;
Chovatelské potřeby;Ohradníky elektrické;Vodiče;;
Chovatelské potřeby;Ohradníky elektrické;Tabulky varovné;;
Chovatelské potřeby;Ohradníky elektrické;Ohradníkové sítě;;
Chovatelské potřeby;Ohradníky elektrické;Propojovací kabely;;
Chovatelské potřeby;Ohradníky elektrické;Zemnící tyče;;
Chovatelské potřeby;Ohradníky elektrické;Zkoušečky napětí;;
Chovatelské potřeby;Chov skotu;Označování;;
Chovatelské potřeby;Chov skotu;Pomůcky;;
Chovatelské potřeby;Chov skotu;Odrohování;;
Chovatelské potřeby;Chov skotu;Ohlávky, obojky a vazáky;;
Chovatelské potřeby;Chov skotu;Ošetřování kopyt a paznehtů;;
Chovatelské potřeby;Chov skotu;Péče o srst;;
Chovatelské potřeby;Chov skotu;Napaječky;;
Chovatelské potřeby;Chov skotu;Pohánění skotu;;
Chovatelské potřeby;Odchov telat;;;
Chovatelské potřeby;Mlékařství;;;
Chovatelské potřeby;Chov prasat;;;
Chovatelské potřeby;Chov koní;Ohlávky;;
Chovatelské potřeby;Chov koní;Vodítka;;
Chovatelské potřeby;Chov koní;Bandáže;;
Chovatelské potřeby;Chov koní;Hřebelce;;
Chovatelské potřeby;Chov koní;Kartáče;;
Chovatelské potřeby;Chov koní;Háčky na kopyta;;
Chovatelské potřeby;Chov koní;Helmy;;
Chovatelské potřeby;Chov koní;Čabraky, čelenky;;
Chovatelské potřeby;Chov koní;Boxy na čistící potřeby;;
Chovatelské potřeby;Chov koní;Deky pro koně;;
Chovatelské potřeby;Chov koní;Tuky na kůži;;
Chovatelské potřeby;Chov koní;Pochoutky pro koně;;
Chovatelské potřeby;Chov koní;Péče o kopyta;;
Chovatelské potřeby;Chov koní;Žlaby pro koně;;
Chovatelské potřeby;Chov koní;Síťky na seno;;
Chovatelské potřeby;Chov koní;Vědra stájová;;
Chovatelské potřeby;Chov koní;Biče;;
Chovatelské potřeby;Chov koní;Rukavice jezdecké;;
Chovatelské potřeby;Chov koní;Boty jezdecké;;
Chovatelské potřeby;Chov koní;Kamaše transportní;;
Chovatelské potřeby;Chov koní;Rajtky;;
Chovatelské potřeby;Chov koní;Různé;;
Chovatelské potřeby;Chov ovcí a koz;;;
Chovatelské potřeby;Drobná hospodářská zvířata;;;
Chovatelské potřeby;Krmiva pro psy a kočky;;;
Chovatelské potřeby;Soli a minerální lizy;;;
Chovatelské potřeby;Hubení škůdců;;;
Chovatelské potřeby;Příslušenství;;;
Dílna;Nářadí elektrické;;;
Dílna;Nářadí ruční;;;
Dílna;Nástroje;Brusná plátna;;
Dílna;Nástroje;Brusné papíry;;
Dílna;Nástroje;Brusné a řezné kotouče FLEXOVIT na kovy;;
Dílna;Nástroje;Brusné a řezné kotouče FLEXOVIT na kámen;;
Dílna;Nástroje;Diamantové nástroje;;
Dílna;Nástroje;Brusné kotouče, brousky;;
Dílna;Nástroje;Kartáče drátěné;;
Dílna;Nástroje;Kartáče drátěné ruční;;
Dílna;Nástroje;Pilové kotouče;;
Dílna;Nástroje;Závitníky, kruhové čelisti očka;;
Dílna;Nástroje;Pilové listy na kov;;
Dílna;Nástroje;Vrtáky do vrtaček;;
Dílna;Nástroje;Pilové listy na dřevo;;
Dílna;Nástroje;Nože hoblovací;;
Dílna;Nástroje;Pilové řetězy, lišty, pilníky;;
Dílna;Nástroje;Frézy na dřevo;;
Dílna;Nástroje;Dlabací vrtáky;;
Dílna;Nástroje;Sukovníky;;
Dílna;Nástroje;Brusné disky lamelové;;
Dílna;Nástroje;Brusné disky fíbrový podklad;;
Dílna;Nástroje;Brusné kotouče vějířové;;
Dílna;Ochranné a čistící pomůcky;Pracovní ochranné pomůcky;;
Dílna;Ochranné a čistící pomůcky;Pracovní obuv;;
Dílna;Ochranné a čistící pomůcky;Pracovní oděvy;;
Dílna;Ochranné a čistící pomůcky;Pracovní rukavice;;
Dílna;Ochranné a čistící pomůcky;Čistící, sanitární a úklidové prostředky;;
Dílna;Ochranné stínící sítě;;;
Dílna;Měřidla;Akutestery;;
Dílna;Měřidla;Detektory;;
Dílna;Měřidla;Metry, pásma, měřítka;;
Dílna;Měřidla;Vodováhy, závaží;;
Dílna;Měřidla;Úchylkoměry;;
Dílna;Měřidla;Momentové klíče TONA;;
Dílna;Měřidla;Multimetry;;
Dílna;Měřidla;Teploměry lihové, digitální;;
Dílna;Měřidla;Úhelníky KINEX;;
Dílna;Měřidla;Váhy;;
Dílna;Dílenské stroje a vybavení;Čerpadla;;
Dílna;Dílenské stroje a vybavení;Dřevoobráběcí stroje;;
Dílna;Dílenské stroje a vybavení;Klempířské stroje;;
Dílna;Dílenské stroje a vybavení;Kompresory a nářadí na stlačený vzduch;;
Dílna;Dílenské stroje a vybavení;Lisy - mechanické, hydraulické;;
Dílna;Dílenské stroje a vybavení;Lisy - mazací;;
Dílna;Dílenské stroje a vybavení;Nálevky, odměrné nádoby, kanystry;;
Dílna;Dílenské stroje a vybavení;Nabíječky a pomocné startovací zdroje;;
Dílna;Dílenské stroje a vybavení;Nože OLFA a jiné;;
Dílna;Dílenské stroje a vybavení;Opalovací a letovací lampy Meva;;
Dílna;Dílenské stroje a vybavení;Podpěry a opěrné stojany, lehátka;;
Dílna;Dílenské stroje a vybavení;Pracovní dílenské vozíky, stoly, brašny;;
Dílna;Dílenské stroje a vybavení;Stahováky, svěráky;;
Dílna;Dílenské stroje a vybavení;Svářecí technika;;
Dílna;Dílenské stroje a vybavení;Vysokotlaká čisticí zařízení;;
Dílna;Dílenské stroje a vybavení;Zvedáky hydraulické, řetězové, hřebenové;;
Dílna;Dílenské stroje a vybavení;Prodlužovací kabely;;
Dílna;Dílenské stroje a vybavení;Svítidla, přenosky, baterie;;
Dílna;Dílenské stroje a vybavení;Elektro zásuvky, zástrčky, rozdvojky;;
Dílna;Nádrže;;;
Dílna;Příslušenství;;;
Zemědělská mechanizace;Zahradní technika;Sekačky na trávu;;
Zemědělská mechanizace;Zahradní technika;Křovinořezy a vyžínače;;
Zemědělská mechanizace;Zahradní technika;Zahradní traktory;;
Zemědělská mechanizace;Zahradní technika;Příslušenství k zahradním traktorům;;
Zemědělská mechanizace;Zahradní technika;Vertikutátory;;
Zemědělská mechanizace;Zahradní technika;Ručně nesené stroje;;
Zemědělská mechanizace;Zahradní technika;Rotavátory;;
Zemědělská mechanizace;Zahradní technika;Elektrocentrály;;
Zemědělská mechanizace;Zahradní technika;Motorová čerpadla;;
Zemědělská mechanizace;Zahradní technika;Sněhové frézy;;
Zemědělská mechanizace;Zahradní technika;Nafukovací čluny;;
Zemědělská mechanizace;Zahradní technika;Motory;;
Zemědělská mechanizace;Zahradní technika;Drtiče větví;;
Zemědělská mechanizace;Zahradní technika;VARI systém;;
Zemědělská mechanizace;Aplikace hnojiv, hnojení;Průmyslová hnojiva;;
Zemědělská mechanizace;Aplikace hnojiv, hnojení;Statková hnojiva;;
Zemědělská mechanizace;Dopravní technika;Přívěsy;;
Zemědělská mechanizace;Dopravní technika;Návěsy;;
Zemědělská mechanizace;Dopravní technika;Samosběrací vozy;;
Zemědělská mechanizace;Dopravní technika;Vozy s vyhrnovacím čelem;;
Zemědělská mechanizace;Dopravní technika;Přepravníky balíků;;
Zemědělská mechanizace;Dopravní technika;Přepravníky zvířat;;
Zemědělská mechanizace;Krmné vozy, rozdružovače;Tažené horizontální krmné vozy;;
Zemědělská mechanizace;Krmné vozy, rozdružovače;Tažené vertikální krmné vozy;;
Zemědělská mechanizace;Krmné vozy, rozdružovače;Samochodné horizontální krmné vozy;;
Zemědělská mechanizace;Krmné vozy, rozdružovače;Samochodné vertikální krmné vozy;;
Zemědělská mechanizace;Krmné vozy, rozdružovače;Rozdružovače;;
Zemědělská mechanizace;Manipulátory, nakladače;;;
Zemědělská mechanizace;Mulčovače, příkopová ramena;;;
Zemědělská mechanizace;Navigační systémy, GPS;;;
Zemědělská mechanizace;Postřikovače, rosiče;;;
Zemědělská mechanizace;Půdozpracující a secí stroje;;;
Zemědělská mechanizace;Traktory;;;
Zemědělská mechanizace;Sklizňová technika;Samosběrací vozy;;
Zemědělská mechanizace;Sklizňová technika;Ovíječky balíků;;
Zemědělská mechanizace;Sklizňová technika;Sklízecí mlátičky;;
Zemědělská mechanizace;Sklizňová technika;Sklízecí řezačky;;
Zemědělská mechanizace;Sklizňová technika;Lisy;;
Zemědělská mechanizace;Čelní traktorové nakladače;;;
Zemědělská mechanizace;Pícninářské stroje;Agrostroj;;
Zemědělská mechanizace;Pícninářské stroje;Luční brány;;
Zemědělská mechanizace;Pícninářské stroje;Ravak;;
Zemědělská mechanizace;Pícninářské stroje;Žací stroje;;
Zemědělská mechanizace;Pícninářské stroje;Obraceče;;
Zemědělská mechanizace;Pícninářské stroje;Shrnovače;;
Zemědělská mechanizace;Pícninářské stroje;Senážní vozy;;
Zemědělská mechanizace;Pícninářské stroje;Samosběrací vozy;;
Zemědělská mechanizace;Pícninářské stroje;Lisy;;
Zemědělská mechanizace;Pícninářské stroje;Baličky;;
Zemědělská mechanizace;Úklízecí stroje;Vysavače;;
Zemědělská mechanizace;Úklízecí stroje;Zametací kartáče;;
Zemědělská mechanizace;Úklízecí stroje;Samosběrací zametací a mycí vozy;;
Zemědělská mechanizace;Úklízecí stroje;Shrnovací radlice;;
Zemědělská mechanizace;Úklízecí stroje;Sypače;;
Zemědělská mechanizace;Úklízecí stroje;Shrnovací radlice čelní;;
Zemědělská mechanizace;Úklízecí stroje;Sněhové frézy;;
Zemědělská mechanizace;Úklízecí stroje;Sypače samonakládací;;
Zemědělská mechanizace;Úklízecí stroje;Sypače nesené;;
Zemědělská mechanizace;Úklízecí stroje;Sypače tažené;;
Dřevo výroba;Lesní technika;Údržba zeleně;Samochodné sekačky;
Dřevo výroba;Lesní technika;Údržba zeleně;Sekačky;
Dřevo výroba;Lesní technika;Údržba zeleně;Mulčovače;
Dřevo výroba;Lesní technika;Údržba zeleně;Mulčovače se sběrným košem;
Dřevo výroba;Lesní technika;Údržba zeleně;Mulčovače svahové;
Dřevo výroba;Lesní technika;Údržba zeleně;Příkopová ramena;
Dřevo výroba;Lesní technika;Údržba zeleně;Provzdušňovače;
Dřevo výroba;Lesní technika;Údržba zeleně;Drážkovače;
Dřevo výroba;Lesní technika;Lesní speciály John Deere;;
Dřevo výroba;Lesní technika;Navijáky tříbodové;;
Dřevo výroba;Lesní technika;Navijáky pevné;;
Dřevo výroba;Lesní technika;Vyvážecí vozy přípojné;;
Dřevo výroba;Lesní technika;Štípače;;
Dřevo výroba;Lesní technika;Štěpkovače;;
Dřevo výroba;Lesní technika;Rotátory;;
Dřevo výroba;Lesní technika;Drapáky;;
Dotace;Stavba a rekonstrukce;stáje na hospodářská zvířata;;
Dotace;Stavba a rekonstrukce;seníky;;
Dotace;Stavba a rekonstrukce;kravíny;;
Dotace;Stavba a rekonstrukce;sklady krmiva;;
Dotace;Stavba a rekonstrukce;zimoviště skotu;;
Dotace;Stavba a rekonstrukce;silážní žlaby;;
Dotace;Stavba a rekonstrukce;hnojiště;;
Dotace;Zemědělské stroje a technika;zemědělské traktory;;
Dotace;Zemědělské stroje a technika;manipulační technika;;
Dotace;Zemědělské stroje a technika;návěsy;;
Dotace;Zemědělské stroje a technika;přívěsy a káry;;
Dotace;Zemědělské stroje a technika;postřikovače;;
Dotace;Zemědělské stroje a technika;mulčovače;;
Dotace;Zemědělské stroje a technika;rozmetadla;;
Dotace;Zemědělské stroje a technika;krmné a míchací stroje;;
Dotace;Zemědělské stroje a technika;kejdovače;;
Dotace;Zemědělské stroje a technika;sklízeče a kombajny;;
Dotace;Zemědělské stroje a technika;travní sekačky;;
Dotace;Louky a pastviny;sekačku k výrobě sena;;
Dotace;Louky a pastviny;oplocení a pastviny;;
Dotace;Louky a pastviny;rekonstrukci stáje;;
Dotace;Louky a pastviny;pořízení automatické dojičky;;
Dotace;Chov zvířat;stáje na hospodářská zvířata;;
Dotace;Chov zvířat;seníky;;
Dotace;Chov zvířat;kravíny;;
Dotace;Chov zvířat;automatické dojičky;;
Dotace;Chov zvířat;technologie k množení a odchovu hospodářských zvířat;;
Dotace;Chov zvířat;oplocení pastvin a výběhů;;
Dotace;Chov zvířat;sklady krmiva;;
Dotace;Chov zvířat;zimoviště skotu;;
Dotace;Chov zvířat;silážní žlaby;;
Dotace;Chov zvířat;hnojiště;;
Dotace;Chov zvířat;jímky a spoustu dalších.;;
Dotace;Chov zvířat;ryby;;
Dotace;Zpracování produkce;rekonstrukce budovy na provozovnu sloužící k výrobě či zpracování vlastní produkce zemědělské prvovýroby;;
Dotace;Zpracování produkce;technologické linky;;
Dotace;Zpracování produkce;balicí stroje;;
Dotace;Zpracování produkce;jatka a porážky;;
Dotace;Zpracování produkce;ICT sloužící k dohledatelnosti všech výrobků;;
Dotace;Zpracování produkce;technologie ke zpracování zeleniny;;
Dotace;Zpracování produkce;sýrárna;;
Dotace;Zpracování produkce;technologie ke zpracování vína;;
Dotace;Zpracování produkce;plnící linky;;
Dotace;Zpracování produkce;šrotovací linky;;
Dotace;Zpracování produkce;technologie k čištění zrnin;;
Dotace;Jímky a hnojiště;stavba jímky;;
Dotace;Jímky a hnojiště;stavba hnojiště;;
Dotace;Jímky a hnojiště;rekonstrukce jímky;;
Dotace;Jímky a hnojiště;rekonstrukce hnojiště;;
Dotace;Jímky a hnojiště;rozšíření stávající jímky;;
Dotace;Jímky a hnojiště;rozšíření stávajícího hnojiště;;
Dotace;Jímky a hnojiště;doprovodné technologie k jímkám a hnojištím.;;
Dotace;Založení lesa;obnova lesa po kalamitě;;
Dotace;Založení lesa;obnova lesa po povodni;;
Dotace;Založení lesa;opravy a stavby cest do šířky 2m;;
Dotace;Lesní techniky;speciální lesní traktory  vyvážecí traktory (forwardery);;
Dotace;Lesní techniky;vyvážecí soupravy  případně univerzální kolové traktory;;
Dotace;Lesní techniky;malotraktory kategorie T2 a T3;;
Dotace;Lesní techniky;odvorní soupravy;;
Dotace;Lesní techniky;štěpkovače;;
Dotace;Lesní techniky;štípací stroje  krátící stroje;;
Dotace;Lesní techniky;mulčovací frézy  drtiče  shrnovače klestu;;
Dotace;Lesní techniky;pluhy a radlice na údržbu cest;;
Dotace;Lesní techniky;navijáky a lanovky ke soustřeďování dříví;;
Dotace;Lesní techniky;rýhovací zalesňovací a kultivační stroje;;
Dotace;Lesní techniky;předřezávače kořenů sazenic; vyorávače sazenic a další školkovací stroje;
Dotace;Lesní techniky;samojízdné nakladače (rampovače);;
Dotace;Lesní techniky;návěsy  valníky  přívěsy  vleky;;
Dotace;Lesní techniky;motorové pily a křovinořezy;;
Dotace;Lesní techniky;výstavba případně rekonstrukce/modernizace provozu pro zpracování lesnických produktů;;
Dotace;Lesní techniky;technologie pro zpracování lesnických produktů;;
Dotace;Lesní techniky;technologie na zpracování a využití zůstatkové biomasy z lesní nebo dřevařské výroby;;
Dotace;Lesní techniky;stroje a zařízení pro dopravu materiálu po areálu provozovny;;
Dotace;Lesní techniky;projektová a technická dokumentace;;
Dotace;Lesní techniky;obnovu lesů poškozených imisemi v pásmu ohrožení A nebo B ;;
Dotace;Lesní techniky;zajištění a výchovu porostů;;
Dotace;Lesní techniky;sdružování vlastníků lesů malých výměr;;
Dotace;Lesní techniky;ekologické a k přírodě šetrné technologie (vyklízení lanovkou  koněm  štěpkování a rozptýlení hmoty atd.);;
Dotace;Lesní techniky;zpracování lesního hospodářského plánu.;;
Dotace;Ovocné sady;stavba konstrukcí pro vyvazování;;
Dotace;Ovocné sady;nákup víceletých rostlin;;
Dotace;Ovocné sady;stavba kapkového zavlažování;;
Dotace;Ovocné sady;pořízení zemědělských strojů;;
Dotace;Ovocné sady;pořízení technologií na zpracování plodin;;
Dotace;Zahájení činnosti mladých zemědělců;;;
Dotace;Investice do nezemědělských činností;;;
Služby;Přeprava;traktorem;;
Služby;Přeprava;kamionem vnitrostátní;;
Služby;Přeprava;kamionem mezinárodní;;
Služby;Přeprava;;;
Služby;Sklízen plodiny;okopaniny;;
Služby;Sklízen plodiny;obiloviny;;
Služby;Sklízen plodiny;olejniny;;
Služby;Sklízen plodiny;píce;;
Služby;Sklízen plodiny;kukuřice;;
Služby;Sklízen plodiny;pradné rostliny;;
Služby;Sklízen plodiny;ovoce;;
Služby;Sklízen plodiny;zelenina;;
Služby;Sklizně podle technologie;řezačka;;
Služby;Sklizně podle technologie;kombajn;;
Služby;Sklizně podle technologie;sběrací vůz;;
Služby;Sklizně podle technologie;Lisování hranatých balíku ;;
Služby;Sklizně podle technologie;Lisovná kulatých balíku;;
Služby;Servis mechanizace;podle brandy technologie;;
Služby;Poradenství;sestava krmení;;
Služby;Poradenství;rostlinne výrobe;;
Služby;Poradenství;skolení zamestnancu;;
Služby;Poradenství;marketing;;
Služby;Poradenství;danové poradenství;;
Služby;Poradenství;právní poradenství;;
Služby;Poradenství;dotace;;
Služby;Zpracování půdy;podmítka;;
Služby;Zpracování půdy;orba;;
Služby;Zpracování půdy;postrik;;
Služby;Zpracování půdy;seti;;
Služby;Zpracování půdy;sázení;;
Služby;Zpracování půdy;provzdušnovaní;;
Služby;Zpracování půdy;hnojeni (prumyslové a statkové);;
Služby;Zpracování půdy;sklizení;;
Služby;Zpracování půdy;přeprava;;
Služby;Zpracování půdy;cambridge valce;;
Služby;Zpracování půdy;kompaktorování;;
Služby;Správa nemovitosti;elektrikáře;;
Služby;Správa nemovitosti;vodaře;;
Služby;Správa nemovitosti;plynaře;;
Služby;Správa nemovitosti;telefon / mobil;;
Služby;Správa nemovitosti;odpady;;
Služby;Správa nemovitosti;malování;;
Služby;Správa nemovitosti;deratizace (hubeni hmyzu;;
Služby;Správa nemovitosti;správa nemovitosti;;
Služby;Správa nemovitosti;bagr (zemní práce);;
Služby;Správa nemovitosti;nakladače;;
Služby;Zpracování sklizně;susičky;;
Služby;Zpracování sklizně;čističky;;
Služby;Zpracování sklizně;;;
Služby;Zpracování sklizně;;;
Služby;Zpracování sklizně;;;
Služby;Zpracování sklizně;;;
Služby;Zpracování sklizně;;;
Služby;Zpracování sklizně;;;
Energie;Teplo;;;
Energie;Elektřina;;;
Energie;Plyn;;;
Energie;Voda;;;
Energie;Uhlí;;;
Energie;Nafta;;;
Energie;Benzin;;;
Energie;dřevo;;;
Energie;brikety a pelety;;;
Finance a pojíštění;Úvěry;Hypotéka;;
Finance a pojíštění;Úvěry;Kontokorent;;
Finance a pojíštění;Úvěry;Podnikatelské úvěry;;
Finance a pojíštění;Úvěry;Úvěr na obchodování;;
Finance a pojíštění;Úvěry;;;
Finance a pojíštění;Úvěry;;;
Finance a pojíštění;Úvěry;;;
Finance a pojíštění;Úvěry;;;
Finance a pojíštění;Cizíměnový styk;;;
Finance a pojíštění;Akcie a investice;Akcie;;
Finance a pojíštění;Akcie a investice;Deriváty;;
Finance a pojíštění;Pojištění;pojištení stroje;;
Finance a pojíštění;Pojištění;pojištění staveb;;
Finance a pojíštění;Pojištění;pojištení zaměstance;;
Finance a pojíštění;Pojištění;pojistení půdy;;
Finance a pojíštění;Pojištění;pojištení zvířat;;
Finance a pojíštění;Pojištění;pojistení urody (skladování);;
Nákup chovu;Skot;masný;;
Nákup chovu;Skot;mléčný;;
Nákup chovu;Skot;kombinovaný;;
Nákup chovu;Prasata;;;
Nákup chovu;Kozy;;;
Nákup chovu;Ovce;;;
Nákup chovu;Koně;;;
Nákup chovu;Drůbeže;Slepice;;
Nákup chovu;Drůbeže;Kruty;;
Nákup chovu;Králíci;;;
Nákup chovu;Ostatní;;;
Nákup chovu;;;;
Nákup chovu;;;;
Nemovitosti;louky;;;
Nemovitosti;orné půdy;;;
Nemovitosti;stavební pozemky;;;
Nemovitosti;lesy;;;
Nemovitosti;rybníky;;;
Nemovitosti;mléčný skot;;;
Nemovitosti;masný skot;;;
Nemovitosti;rostlinnou výrobu;;;
Nemovitosti;výroba vajec;;;
Nemovitosti;výroba slepičí masa;;;
Nemovitosti;prasata;;;
Nemovitosti;Kanceláře;;;
Nemovitosti;Domy;;;
Nemovitosti;seniky;;;
Nemovitosti;haly;;;
Nemovitosti;sklady;;;
Nemovitosti;sila;;;
Nemovitosti;jimky;;;
Nemovitosti;hnojiště;;;
Koncentrované krmení;minerále a vitamíny;minerále;;
Koncentrované krmení;minerále a vitamíny;vitamíny;;
Koncentrované krmení;směsy;sypké;;
Koncentrované krmení;směsy;granulované;;
Koncentrované krmení;směsy;pytlové;;
Koncentrované krmení;směsy;Big-bag;;
Koncentrované krmení;šroty;Pícniny;;
Koncentrované krmení;šroty;Olejniny;;
Koncentrované krmení;šroty;Luskoviny;;
Koncentrované krmení;CCM / LKS;CCM;;
Koncentrované krmení;CCM / LKS;LKS;;
Koncentrované krmení;směsy pro telata;;;
Koncentrované krmení;směsy pro selata;;;
Koncentrované krmení;Pícniny;;;
Koncentrované krmení;Olejniny;;;
Koncentrované krmení;Luskoviny;;;
Koncentrované krmení;Okopaniny;;;
Koncentrované krmení;Průmyslová krmiva;otruby;;
Koncentrované krmení;Průmyslová krmiva;krmné mouky a klíčky;;
Koncentrované krmení;Průmyslová krmiva;pivovarské mláto;;
Koncentrované krmení;Průmyslová krmiva;cukrovarské řízky;;
Koncentrované krmení;Průmyslová krmiva;extrahované šroty;;
Koncentrované krmení;Průmyslová krmiva;řepka;;
Koncentrované krmení;Průmyslová krmiva;výpalky;;
Koncentrované krmení;Průmyslová krmiva;pokrutiny;;
Koncentrované krmení;Průmyslová krmiva;melasa;;
Koncentrované krmení;Průmyslová krmiva;okopaniny zbytky;;
Koncentrované krmení;Průmyslová krmiva;ovoce;;
Koncentrované krmení;Průmyslová krmiva;zelenina;;
Objemné krmení;sláma;;;
Objemné krmení;;;;
Objemné krmení;sena;jetelové;;
Objemné krmení;sena;travní;;
Objemné krmení;;;;
Objemné krmení;směsky;jetelové;;
Objemné krmení;směsky;travní;;
Objemné krmení;Senáže;jetelové;;
Objemné krmení;Senáže;travní;;
Objemné krmení;;;;
Objemné krmení;Siláže;kukuřiční;;
;;;;
;;;;
;;;;
Hygiena;Rukavice a další prostředky;;;
Hygiena;Chemie;;;
Hygiena;Chemie;;;
Hygiena;Chemie;;;
Hygiena;Stroje;Vapky;;
Hygiena;Stroje;;;
Hygiena;Služby;Výšková práce;;
Hygiena;Služby;Úklid kanceláře;;
;;;;
;;;;
;;;;
;;;;
Stavby a rekonstrukce;Mléčný skot;Stáje;Obloukové haly;
Stavby a rekonstrukce;Mléčný skot;Stáje;;
Stavby a rekonstrukce;Mléčný skot;Stáje;;
Stavby a rekonstrukce;Mléčný skot;Stáje;;
Stavby a rekonstrukce;Mléčný skot;Stáje;;
Stavby a rekonstrukce;Mléčný skot;;;
Stavby a rekonstrukce;Mléčný skot;Telata;ustájení;
Stavby a rekonstrukce;Mléčný skot;Telata;krmený systémy;
Stavby a rekonstrukce;Mléčný skot;;;
Stavby a rekonstrukce;Mléčný skot;;;
Stavby a rekonstrukce;Mléčný skot;Vybavení stáje;Lehací boxy;
Stavby a rekonstrukce;Mléčný skot;Vybavení stáje;Žlabové zábrany;
Stavby a rekonstrukce;Mléčný skot;Vybavení stáje;Hrazení pro skot;
Stavby a rekonstrukce;Mléčný skot;Vybavení stáje;Branky a sloupky;
Stavby a rekonstrukce;Mléčný skot;Vybavení stáje;Gumové matrace;
Stavby a rekonstrukce;Mléčný skot;Vybavení stáje;Napájení skotu;
Stavby a rekonstrukce;Mléčný skot;Vybavení stáje;Stájové klima;
Stavby a rekonstrukce;Mléčný skot;Vybavení stáje;Fixační klece pro skot;
Stavby a rekonstrukce;Mléčný skot;Vybavení stáje;Vážení skotu;
Stavby a rekonstrukce;Mléčný skot;Vybavení stáje;Drbadla;
Stavby a rekonstrukce;Mléčný skot;Vybavení stáje;Systémy krmení;
Stavby a rekonstrukce;Mléčný skot;Vybavení stáje;Zásobníky a dopravníky;
Stavby a rekonstrukce;Mléčný skot;Vybavení stáje;Spojovací a kotvicí materiál;
Stavby a rekonstrukce;Mléčný skot;Vybavení stáje;Automatizované systémy řízení;
Stavby a rekonstrukce;Mléčný skot;Vybavení stáje;gumy a rošty;
Stavby a rekonstrukce;Mléčný skot;Vybavení stáje;osvětlení stájí;
Stavby a rekonstrukce;Mléčný skot;Vybavení stáje;držáky lizů;
Stavby a rekonstrukce;Mléčný skot;Vybavení stáje;dávkovače;
Stavby a rekonstrukce;Mléčný skot;Vybavení stáje;kartáče;
Stavby a rekonstrukce;Mléčný skot;Vybavení stáje;Automatické vyhrnování kejdy;
Stavby a rekonstrukce;Mléčný skot;;;
Stavby a rekonstrukce;Mléčný skot;;;
Stavby a rekonstrukce;Mléčný skot;;;
Stavby a rekonstrukce;Mléčný skot;Venku;Elektriké ohradníky;
Stavby a rekonstrukce;Mléčný skot;Venku;Branky a sloupky;
Stavby a rekonstrukce;Mléčný skot;;;
Stavby a rekonstrukce;Mléčný skot;;;
Stavby a rekonstrukce;Mléčný skot;Dojírny;Rybinové dojírny;
Stavby a rekonstrukce;Mléčný skot;Dojírny;Dojicí roboty;
Stavby a rekonstrukce;Mléčný skot;Dojírny;Tandemové dojírny;
Stavby a rekonstrukce;Mléčný skot;Dojírny;Paralelní dojírny;
Stavby a rekonstrukce;Mléčný skot;Dojírny;Kruhové dojírny;
Stavby a rekonstrukce;Mléčný skot;Dojírny;Mobilní dojírny;
Stavby a rekonstrukce;Mléčný skot;Dojírny;Náhradní díly;
Stavby a rekonstrukce;Mléčný skot;Dojírny;Vybavení dojírny;Přítlak - rychlý odchod
Stavby a rekonstrukce;Mléčný skot;Dojírny;Vybavení dojírny;Přihaněč
Stavby a rekonstrukce;Mléčný skot;Dojírny;Vybavení dojírny;Dojicí stroj
Stavby a rekonstrukce;Mléčný skot;Dojírny;Vybavení dojírny;Měření nádoje
Stavby a rekonstrukce;Mléčný skot;Dojírny;Vybavení dojírny;Zdroje podtlaku
Stavby a rekonstrukce;Mléčný skot;Dojírny;Vybavení dojírny;Doprava a chlazení mléka
Stavby a rekonstrukce;Mléčný skot;Dojírny;Vybavení dojírny;Vitalita
Stavby a rekonstrukce;Mléčný skot;Dojírny;Vybavení dojírny;Identifikace
Stavby a rekonstrukce;Mléčný skot;Dojírny;Vybavení dojírny;Vážení a selekce zvířat
Stavby a rekonstrukce;Mléčný skot;Dojírny;Vybavení dojírny;Software dojiren
Stavby a rekonstrukce;Mléčný skot;Dojírny;Vybavení dojírny;Dezinfekční vany nebo automatu
Stavby a rekonstrukce;Mléčný skot;;;
Stavby a rekonstrukce;Mléčný skot;;;
Stavby a rekonstrukce;Mléčný skot;;;
Stavby a rekonstrukce;Prasata;Ustájení prasat;Hrazení a branky;
Stavby a rekonstrukce;Prasata;Ustájení prasat;Fixační klece;
Stavby a rekonstrukce;Prasata;Ustájení prasat;Porodní klece a kotce;
Stavby a rekonstrukce;Prasata;Ustájení prasat;Koryta;
Stavby a rekonstrukce;Prasata;Ustájení prasat;Výhřevné desky;
Stavby a rekonstrukce;Prasata;Ustájení prasat;Rošty;
Stavby a rekonstrukce;Prasata;Ustájení prasat;Vyhrnování kejdy;
Stavby a rekonstrukce;Prasata;Stájové klima;Systémy ventilace;
Stavby a rekonstrukce;Prasata;Stájové klima;Přívody vzduchu;
Stavby a rekonstrukce;Prasata;Stájové klima;Vývody vzduchu;
Stavby a rekonstrukce;Prasata;Stájové klima;Servomotory;
Stavby a rekonstrukce;Prasata;Stájové klima;Klimapočítače;
Stavby a rekonstrukce;Prasata;Stájové klima;Nouzové otvírání;
Stavby a rekonstrukce;Prasata;Stájové klima;Systém alarmu;
Stavby a rekonstrukce;Prasata;Stájové klima;Software;
Stavby a rekonstrukce;Prasata;Stájové klima;Topení;
;;Stájové klima;chlazení;
Stavby a rekonstrukce;Prasata;Krmení a napájení;Zásobníky a dopravníky krmiv;
Stavby a rekonstrukce;Prasata;Krmení a napájení;Suché krmení;
Stavby a rekonstrukce;Prasata;Krmení a napájení;Automatické krmné boxy;
Stavby a rekonstrukce;Prasata;Krmení a napájení;Napájení prasat;
Stavby a rekonstrukce;Prasata;Krmení a napájení;Tekuté krmení;
Stavby a rekonstrukce;Prasata;Stájové doplňky;Kapacitní čidla;
Stavby a rekonstrukce;Prasata;Stájové doplňky;Kafilerní vozíky;
Stavby a rekonstrukce;Prasata;Stájové doplňky;Hračky;
Stavby a rekonstrukce;Prasata;;;
Stavby a rekonstrukce;Prasata;;;
Stavby a rekonstrukce;Drůbez;Výkrm brojlerových kuřat;osvětlení drůbeze;
Stavby a rekonstrukce;Drůbez;;systemy-napajeni;
Stavby a rekonstrukce;Drůbez;;retezove-krmeni-a-prislusenstvi;
Stavby a rekonstrukce;Drůbez;;lpv-drubez;
Stavby a rekonstrukce;Drůbez;;horkovzdusne-topidlo-;
Stavby a rekonstrukce;Drůbez;;zvedaci-systemy;
Stavby a rekonstrukce;Drůbez;;Topicí systémy;
Stavby a rekonstrukce;Drůbez;;krmení;
Stavby a rekonstrukce;Drůbez;;napájení;
Stavby a rekonstrukce;Drůbez;;dopravniky;
Stavby a rekonstrukce;Drůbez;Rozmnožovací chovy;osvětlení;
Stavby a rekonstrukce;Drůbez;;zvedací systémy;
Stavby a rekonstrukce;Drůbez;;Systémy krmení;
Stavby a rekonstrukce;Drůbez;;Systém napájení;
Stavby a rekonstrukce;Drůbez;Chov nosnic;osvětlení;
Stavby a rekonstrukce;Drůbez;;volierový systémy;
Stavby a rekonstrukce;Drůbez;;;
Stavby a rekonstrukce;Drůbez;Odchov kuřic;osvětlení;
Stavby a rekonstrukce;Drůbez;;volierový systémy;
Stavby a rekonstrukce;Drůbez;;krmítka;
Stavby a rekonstrukce;Drůbez;;;
Stavby a rekonstrukce;Drůbez;;;
Stavby a rekonstrukce;Ovce a kozy;Ustájení ovce a kozy;Napájení ovcí a koz – napájecí žlaby;
Stavby a rekonstrukce;Ovce a kozy;Ustájení ovce a kozy;Krmidla  příkrmiště  jesle pro ovce a kozy;
Stavby a rekonstrukce;Ovce a kozy;Ustájení ovce a kozy;Chovatelské potřeby pro odchov ovcí a koz;
Stavby a rekonstrukce;Ovce a kozy;Ustájení ovce a kozy;Dojírny pro ovce a kozy;
Stavby a rekonstrukce;Ovce a kozy;Technologie pro chov;Manipulační uličky pro ovce a kozy;
Stavby a rekonstrukce;Ovce a kozy;Technologie pro chov;Elektrické ohradníky a jejich části (zdroje  vodiče  sloupky  izolátory);
Stavby a rekonstrukce;Ovce a kozy;Krmiva pro ovce a kozy;Minerální lizy;
Stavby a rekonstrukce;Ovce a kozy;Dojení ovcí a koz;dojírna;
Stavby a rekonstrukce;Ovce a kozy;Dojení ovcí a koz;strojovna;
Stavby a rekonstrukce;Ovce a kozy;Dojení ovcí a koz;mléčnice;
Stavby a rekonstrukce;Ovce a kozy;Dojení ovcí a koz;stání dojírny;
Stavby a rekonstrukce;Ovce a kozy;Dojení ovcí a koz;soustrojí vývěvy;
Stavby a rekonstrukce;Ovce a kozy;Dojení ovcí a koz;rozvodů podtlaků mléka a dezinfekce;
Stavby a rekonstrukce;Ovce a kozy;Dojení ovcí a koz;dojících strojů;
Stavby a rekonstrukce;Ovce a kozy;Dojení ovcí a koz;dopravy mléka;
Stavby a rekonstrukce;Ovce a kozy;Dojení ovcí a koz;dezinfekční vany nebo automatu;
Stavby a rekonstrukce;Ovce a kozy;Vybavení dojírny;Přítlak - rychlý odchod;
Stavby a rekonstrukce;Ovce a kozy;Vybavení dojírny;Přihaněč;
Stavby a rekonstrukce;Ovce a kozy;Vybavení dojírny;Dojicí stroj ramena;
Stavby a rekonstrukce;Ovce a kozy;Vybavení dojírny;Měření nádoje;
Stavby a rekonstrukce;Ovce a kozy;Vybavení dojírny;Zdroje podtlaku;
Stavby a rekonstrukce;Ovce a kozy;Vybavení dojírny;Doprava a chlazení mléka;
Stavby a rekonstrukce;Ovce a kozy;Vybavení dojírny;Vitalita;
Stavby a rekonstrukce;Ovce a kozy;Vybavení dojírny;Identifikace;
Stavby a rekonstrukce;Ovce a kozy;Vybavení dojírny;Vážení a selekce zvířat;
Stavby a rekonstrukce;Koně;;;
Stavby a rekonstrukce;Koně;;;
Stavby a rekonstrukce;Koně;;;
Stavby a rekonstrukce;Hnojiště a jímky;hnojiště;;
Stavby a rekonstrukce;Hnojiště a jímky;Jímky;;
Stavby a rekonstrukce;Hnojiště a jímky;Míchadla;;
Stavby a rekonstrukce;Hnojiště a jímky;Čerpadla;;
Stavby a rekonstrukce;Hnojiště a jímky;Ultrazvukové čidlo;;
Stavby a rekonstrukce;Hnojiště a jímky;Separátor;;
Stavby a rekonstrukce;Hnojiště a jímky;Umístění separátoru;;
Stavby a rekonstrukce;Hnojiště a jímky;Potrubí;;
Stavby a rekonstrukce;Hnojiště a jímky;Obslužná plošina;;
Stavby a rekonstrukce;Hnojiště a jímky;Technologická elektroinstalace;;
Stavby a rekonstrukce;;;;
Stavby a rekonstrukce;Výroba energie;Výroba tepla;teplovodní a horkovodní kotle;
Stavby a rekonstrukce;Výroba energie;Výroba tepla;parní kotle;
Stavby a rekonstrukce;Výroba energie;Výroba tepla;plynové zářiče;
Stavby a rekonstrukce;Výroba energie;Výroba tepla;teplovzdušné agregáty;
Stavby a rekonstrukce;Výroba energie;Výroba tepla;tepelná čerpadla;
Stavby a rekonstrukce;Výroba energie;Výroba tepla;solární kolektory;
Stavby a rekonstrukce;Výroba energie;Výroba tepla;kogenerační jednotky;
Stavby a rekonstrukce;Výroba energie;Výroba tepla;ORC turbíny;
Stavby a rekonstrukce;Výroba energie;Výroba tepla;kotle s parní odběrovou nebo kondenzační turbínou.;
Stavby a rekonstrukce;Výroba energie;;;
Stavby a rekonstrukce;Výroba energie;Výroba plynu;Bioplynové stanice;
Stavby a rekonstrukce;Výroba energie;;;
Stavby a rekonstrukce;Výroba energie;;;
Stavby a rekonstrukce;Výroba energie;Výroba elektrické energie;Bioplynové stanice;
Stavby a rekonstrukce;Výroba energie;Výroba elektrické energie;Solární panely;
Stavby a rekonstrukce;Výroba energie;;;
Stavby a rekonstrukce;Výroba energie;;;
Stavby a rekonstrukce;Výroba energie;;;
Stavby a rekonstrukce;Výroba energie;;;
Stavby a rekonstrukce;Výroba energie;Výroba nafty;Lisovací zařízení;
Stavby a rekonstrukce;Výroba energie;;;
Stavby a rekonstrukce;Výroba energie;Výroba chladu;Kompresorové chlazení;
Stavby a rekonstrukce;Výroba energie;Výroba chladu;Absorpční chlazení;
Stavby a rekonstrukce;;;;
Stavby a rekonstrukce;;;;
Stavby a rekonstrukce;;;;
Stavby a rekonstrukce;;;;
Stavby a rekonstrukce;;;;
Stavby a rekonstrukce;Zpracování surovin;sušárny zemědělských komodit;;
Stavby a rekonstrukce;Zpracování surovin;sušárny ostatních materiálů;;
Stavby a rekonstrukce;Zpracování surovin;peletizační linky;;
Stavby a rekonstrukce;Zpracování surovin;Briketovací linky;;
Stavby a rekonstrukce;Zpracování surovin;balící stroje a linky;;
Stavby a rekonstrukce;Zpracování surovin;plnící stroje;;
Stavby a rekonstrukce;Zpracování surovin;čističky;;
Stavby a rekonstrukce;;;;
Stavby a rekonstrukce;Projekční činnost staveb a technologií;studie proveditelnosti;;
Stavby a rekonstrukce;Projekční činnost staveb a technologií;zpracování dokumentace o ochraně před výbuchem;;
Stavby a rekonstrukce;Projekční činnost staveb a technologií;projekce měření a regulace;;
Stavby a rekonstrukce;Projekční činnost staveb a technologií;dotační management;;
Stavby a rekonstrukce;Projekční činnost staveb a technologií;zpracování posudků EIA;;
Stavby a rekonstrukce;Projekční činnost staveb a technologií;zpracování rozpočtů;;
Stavby a rekonstrukce;Projekční činnost staveb a technologií;autorský a technický dozor a další.;;
Stavby a rekonstrukce;Projekční činnost staveb a technologií;automatizované systémy řízení;;
Stavby a rekonstrukce;;;;
Stavby a rekonstrukce;  ;;;
Stavby a rekonstrukce;Skladování a zpracovnání;sypkých hmot;plastové zásobníky;
Stavby a rekonstrukce;Skladování a zpracovnání;sypkých hmot;ocelová (nerezová) sila a zásobníky;
Stavby a rekonstrukce;Skladování a zpracovnání;sypkých hmot;;
Stavby a rekonstrukce;Skladování a zpracovnání;sypkých hmot;násypky;
Stavby a rekonstrukce;Skladování a zpracovnání;sypkých hmot;dopravníky;pásové
Stavby a rekonstrukce;Skladování a zpracovnání;sypkých hmot;dopravníky;trubicové
Stavby a rekonstrukce;Skladování a zpracovnání;sypkých hmot;dopravníky;šnekové
Stavby a rekonstrukce;Skladování a zpracovnání;sypkých hmot;dopravníky;spádové
Stavby a rekonstrukce;Skladování a zpracovnání;sypkých hmot;dopravníky;pneumatické
Stavby a rekonstrukce;Skladování a zpracovnání;sypkých hmot;dopravníky;elevátory
Stavby a rekonstrukce;Skladování a zpracovnání;sypkých hmot;dopravníky;redlerové
Stavby a rekonstrukce;Skladování a zpracovnání;sypkých hmot;vážící a třídící systémy;
Stavby a rekonstrukce;Skladování a zpracovnání;sypkých hmot;míchací a dávkovací systémy;
Stavby a rekonstrukce;Skladování a zpracovnání;sypkých hmot;posklizňové linky;
Stavby a rekonstrukce;Skladování a zpracovnání;sypkých hmot;výrobny krmných směsí;
Stavby a rekonstrukce;Skladování a zpracovnání;sypkých hmot;míchárny hnojiv a další.;
Stavby a rekonstrukce;Skladování a zpracovnání;sypkých hmot;linky na drcení a třídění materiálů;
Stavby a rekonstrukce;Skladování a zpracovnání;sypkých hmot;výdejní místa;
Stavby a rekonstrukce;Skladování a zpracovnání;sypkých hmot;granulační linky;
Stavby a rekonstrukce;Skladování a zpracovnání;sypkých hmot;balící stroje a linky;
Stavby a rekonstrukce;Skladování a zpracovnání;sypkých hmot;filtrační systémy;
Stavby a rekonstrukce;Skladování a zpracovnání;sypkých hmot;;
Stavby a rekonstrukce;Skladování a zpracovnání;sypkých hmot;;
Stavby a rekonstrukce;Skladování a zpracovnání;tekutiny;vany;
Stavby a rekonstrukce;Skladování a zpracovnání;tekutiny;míchací a dávkovací systémy;
Stavby a rekonstrukce;Skladování a zpracovnání;tekutiny;linky na míchání kapalin;
Stavby a rekonstrukce;Skladování a zpracovnání;tekutiny;tlakové nádoby;
Stavby a rekonstrukce;Skladování a zpracovnání;tekutiny;jímky a nádrže;
Stavby a rekonstrukce;Skladování a zpracovnání;tekutiny;potrubní rozvody.;
Stavby a rekonstrukce;Skladování a zpracovnání;tekutiny;filtrační systémy;
Stavby a rekonstrukce;Skladování a zpracovnání;tekutiny;plastové zásobníky;
Stavby a rekonstrukce;Skladování a zpracovnání;tekutiny;ocelová (nerezová) sila a zásobníky;
Stavby a rekonstrukce;Skladování a zpracovnání;plynu;tlakové nádoby;
Stavby a rekonstrukce;Skladování a zpracovnání;plynu;čisticí systémy;
Stavby a rekonstrukce;Skladování a zpracovnání;plynu;potruby;
Stavby a rekonstrukce;Skladování a zpracovnání;chemikálie;;
Stavby a rekonstrukce;;;;
Stavby a rekonstrukce;Zateplení;;;
Stavby a rekonstrukce;Výměna oken;;;
;;;;
;;;;
Spotřební zboží;Obaly;folie;;
Spotřební zboží;Obaly;palety;;
Spotřební zboží;Obaly;big bagy;;
Spotřební zboží;Obaly;plechové sudy;;
Spotřební zboží;Obaly;plastové obaly (kanistr;;
Spotřební zboží;Obaly;papírové obaly (kartony;;
Spotřební zboží;Malá elektronika;Rychlovarný konve;;
Spotřební zboží;Malá elektronika;Stolní lampičky;;
Spotřební zboží;Malá elektronika;;;
Spotřební zboží;Malá elektronika;;;
Spotřební zboží;Velká elektornika;Pračky;;
Spotřební zboží;Velká elektornika;Susička;;
Spotřební zboží;Velká elektornika;Ledničky;;
Spotřební zboží;Velká elektornika;;;
Spotřební zboží;Velká elektornika;;;
Spotřební zboží;Všechno do kanceláře;PC;;
Spotřební zboží;Všechno do kanceláře;Tiskárna;;
Spotřební zboží;Všechno do kanceláře;Papír;;
Spotřební zboží;Všechno do kanceláře;Nábytek;;
Spotřební zboží;Pracovní oblečení;;;
Spotřební zboží;;;;
Spotřební zboží;Knihy;;;
Spotřební zboží;Software;;;
Spotřební zboží;;;;
Spotřební zboží;;;;
Spotřební zboží;;;;
Spotřební zboží;;;;
Spotřební zboží;;;;
;;;;
;;;;
;;;;
;;;;
Poštřiky;Aficidy: přípravky určené k hubení mšic;;;
Poštřiky;Akaricidy: přípravky určené k hubení roztočů;;;
Poštřiky;Algicidy: přípravky určené k hubení řas;;;
Poštřiky;Arborocidy: pesticidy určené k hubení stromů a keřů;;;
Poštřiky;Avicidy: přípravky určené k hubení ptáků;;;
Poštřiky;Fungicidy: prostředky určené k ochraně před houbovými chorobami;;;
Poštřiky;Herbicidy: pesticidy určené k hubení rostlin (plevelů);;;
Poštřiky;Insekticidy: přípravky určené k hubení hmyzu (dezinsekce);;;
Poštřiky;Molluskocidy: prostředky určené k hubení měkkýšů;;;
Poštřiky;Nematocidy: prostředky určené k hubení hlístic a jiných červů;;;
Poštřiky;Piscicidy: přípravky určené k hubení ryb;;;
Poštřiky;Rodenticidy: přípravky určené k hubení hlodavců (deratizace);;;
Poštřiky;Graminicidy: přípravky určené k zastavení růstu jednoděložných trav;;;
Hnoje;statková;močůvka;;
Hnoje;statková;hnuj;konský;
Hnoje;statková;hnuj;kravský;
Hnoje;statková;hnuj;slepičí trus;
Hnoje;statková;hnuj;prasecí;
Hnoje;průmyslová hnojiva;dusíkatá hnojiva;;
Hnoje;průmyslová hnojiva;fosforečná hnojiva;;
Hnoje;průmyslová hnojiva;draselná hnojiva;;
Hnoje;průmyslová hnojiva;vápenatá hnojiva;;
Hnoje;průmyslová hnojiva;Vícesložková hnojiva;NPK;
Hnoje;Separát;;;
Hnoje;kompost;;;
Hnoje;ekologická hnojiva;;;
Hnoje;ekologická hnojiva;;;
Hnoje;ekologická hnojiva;;;
Hnoje;ekologická hnojiva;;;
;;;;
;;;;
Zaměstnance;Zootechnik;;;
Zaměstnance;traktorista;;;
Zaměstnance;kombajnista;;;
Zaměstnance;Opravář / dílenskou práci;;;
Zaměstnance;Obchodník;;;
Zaměstnance;Pozice;Manager;;
Zaměstnance;Pozice;Ředitel;;
Zaměstnance;Pozice;Koordinátor;;
Zaměstnance;Pozice;Planner;;
